Generator,P_max,P_min,T_up (hrs),T_down (hrs),FuelType,Ramp Up (MW/hr),Ramp Down (MW/hr),T_startup (h),T_shutdown (h),E_startup (MWh),E_shutdown (MWh),Cost_startup ($),Cost_shutdown ($),Cost_variable ($/MWh),commission_year
ABKENORA,16.0,1.0,2.0,1.0,HYDRO,2.0,2.0,4.25,4.25,18.0625,18.0625,0.0,0.0,0.0,2010
ADELAIDE,60.0,1.0,1.0,1.0,WIND,21.0,21.0,1.4523809523809523,1.4523809523809523,22.148809523809522,22.148809523809522,0.0,0.0,0.0,2014
AGUASABON,53.0,1.0,2.0,1.0,HYDRO,22.0,22.0,1.2272727272727273,1.2272727272727273,16.56818181818182,16.56818181818182,0.0,0.0,0.0,2010
ALEXANDER,68.0,1.0,1.0,1.0,HYDRO,2.0,2.0,17.25,17.25,297.5625,297.5625,0.0,0.0,0.0,2010
AMARANTH,200.0,1.0,1.0,1.0,WIND,33.0,33.0,3.0454545454545454,3.0454545454545454,153.0340909090909,153.0340909090909,0.0,0.0,0.0,2010
AMHERST ISLAND,74.0,1.0,1.0,1.0,WIND,24.0,23.0,1.5625,1.6304347826086956,29.296875,30.570652173913043,0.0,0.0,0.0,2018
APIROQUOIS,139.0,1.0,1.0,1.0,HYDRO,26.0,26.0,2.6923076923076925,2.6923076923076925,94.23076923076924,94.23076923076924,0.0,0.0,0.0,2010
ARMOW,180.0,1.0,1.0,1.0,WIND,57.0,55.0,1.587719298245614,1.6454545454545455,71.84429824561404,74.45681818181818,0.0,0.0,0.0,2016
ARNPRIOR,82.0,1.0,2.0,1.0,HYDRO,37.0,37.0,1.1216216216216217,1.1216216216216217,23.27364864864865,23.27364864864865,0.0,0.0,0.0,2010
ATIKOKAN-G1,215.0,1.0,1.0,1.0,BIOFUEL,49.0,58.0,2.204081632653061,1.8620689655172413,119.0204081632653,100.55172413793103,619.8582857142857,523.6733793103448,5.208,2015
AUBREYFALLS,164.0,1.0,1.0,1.0,HYDRO,65.0,65.0,1.2692307692307692,1.2692307692307692,52.355769230769226,52.355769230769226,0.0,0.0,0.0,2010
BARRETT,179.0,1.0,2.0,1.0,HYDRO,58.0,60.0,1.5517241379310345,1.5,69.82758620689656,67.5,0.0,0.0,0.0,2010
BECK1,1123.0,1.0,1.0,1.0,HYDRO,153.0,153.0,3.673202614379085,3.673202614379085,1032.1699346405228,1032.1699346405228,0.0,0.0,0.0,2010
BECK2,1672.0,406.0,2.0,1.0,HYDRO,216.0,207.0,4.810185185185185,5.019323671497585,2498.8912037037035,2607.5386473429953,0.0,0.0,0.0,2010
BECK2 PGS,175.0,1.0,1.0,1.0,HYDRO,28.0,28.0,3.142857142857143,3.142857142857143,138.28571428571428,138.28571428571428,0.0,0.0,0.0,2010
BELLE RIVER,100.0,1.0,1.0,1.0,WIND,31.0,30.0,1.6290322580645162,1.6833333333333333,41.13306451612903,42.50416666666667,0.0,0.0,0.0,2017
BLAKE,60.0,1.0,1.0,1.0,WIND,22.0,22.0,1.3863636363636365,1.3863636363636365,21.142045454545457,21.142045454545457,0.0,0.0,0.0,2014
BORNISH,74.0,1.0,1.0,1.0,WIND,25.0,24.0,1.5,1.5625,28.125,29.296875,0.0,0.0,0.0,2014
BOW LAKE,20.0,1.0,1.0,1.0,WIND,6.0,6.0,1.75,1.75,9.1875,9.1875,0.0,0.0,0.0,2015
BOW LAKE 2,40.0,1.0,1.0,1.0,WIND,11.0,11.0,1.8636363636363635,1.8636363636363635,19.102272727272727,19.102272727272727,0.0,0.0,0.0,2015
BRIGHTON BEACH,612.0,1.0,7.0,1.0,GAS,180.0,233.0,1.7027777777777777,1.315450643776824,260.9506944444444,201.5928111587983,1653.4879802777778,1277.3726886266095,6.3364,2010
BRUCEA-G1,831.0,1.0,1.0,1.5,NUCLEAR,13.0,7.0,32.0,59.42857142857143,6656.0,12361.142857142857,18982.912,100518.2095625,2.852,2015
BRUCEA-G2,831.0,1.0,1.0,1.0,NUCLEAR,17.0,6.0,24.470588235294116,69.33333333333333,5089.882352941177,14421.333333333332,14516.344470588236,100518.2095625,2.852,2015
BRUCEA-G3,831.0,1.0,1.0,1.0,NUCLEAR,49.349999999998545,24.349999999998545,8.429584599797614,17.084188911705333,1753.3535967579037,3553.511293634709,5000.564457953541,100518.2095625,2.852,2015
BRUCEA-G4,840.0,1.0,1.0,1.0,NUCLEAR,16.0,8.0,26.28125,52.5625,5525.6328125,11051.265625,15759.10478125,100518.2095625,2.852,2015
BRUCEB-G5,872.0,1.0,1.0,1.0,NUCLEAR,45.0,34.0,9.7,12.838235294117647,2117.0249999999996,2801.9448529411766,6037.755299999999,100518.2095625,2.852,2015
BRUCEB-G6,872.0,1.0,1.0,1.0,NUCLEAR,16.600000000000364,13.0,26.29518072289099,33.57692307692308,5738.923192770959,7328.163461538462,16367.408945782774,100518.2095625,2.852,2015
BRUCEB-G7,872.0,1.0,1.0,1.0,NUCLEAR,27.0,19.0,16.166666666666668,22.973684210526315,3528.3750000000005,5014.006578947368,10062.925500000001,100518.2095625,2.852,2015
BRUCEB-G8,872.0,1.0,1.0,1.0,NUCLEAR,19.0,16.0,22.973684210526315,27.28125,5014.006578947368,5954.1328125,14299.946763157894,100518.2095625,2.852,2015
CALSTOCKGS,38.0,1.0,1.0,1.0,BIOFUEL,9.0,12.0,2.1666666666666665,1.625,21.125,15.84375,110.019,82.51425,5.208,2010
CAMERONFALLS,123.0,1.0,2.0,1.0,HYDRO,3.0,3.0,20.666666666666668,20.666666666666668,640.6666666666667,640.6666666666667,0.0,0.0,0.0,2010
CANYON,355.0,1.0,1.0,1.0,HYDRO,153.0,147.0,1.1633986928104576,1.2108843537414966,103.54248366013073,107.7687074829932,0.0,0.0,0.0,2010
CARDINAL,184.0,1.0,6.0,1.0,GAS,35.0,49.0,2.642857142857143,1.8877551020408163,122.23214285714286,87.30867346938776,774.51175,553.2226785714286,6.3364,2010
CARIBOUFALLS,94.0,1.0,2.0,1.0,HYDRO,32.0,34.0,1.484375,1.3970588235294117,35.25390625,33.18014705882353,0.0,0.0,0.0,2010
CARMICHAEL,20.0,1.0,1.0,1.0,HYDRO,5.0,5.0,2.1,2.1,11.025,11.025,0.0,0.0,0.0,2010
CEDAR POINT 2,100.0,1.0,1.0,1.0,WIND,38.0,36.0,1.3289473684210527,1.4027777777777777,33.55592105263158,35.420138888888886,0.0,0.0,0.0,2016
CHATSFALLS,206.0,1.0,1.0,1.0,HYDRO,61.0,68.0,1.6967213114754098,1.5220588235294117,87.80532786885246,78.76654411764706,0.0,0.0,0.0,2010
CHENAUX,158.0,1.0,2.0,1.0,HYDRO,31.0,28.0,2.564516129032258,2.8392857142857144,101.93951612903226,112.86160714285715,0.0,0.0,0.0,2010
CLERGUE,58.0,1.0,2.0,1.0,HYDRO,10.0,10.0,2.95,2.95,43.5125,43.5125,0.0,0.0,0.0,2010
COMBER,200.0,1.0,1.0,1.0,WIND,37.0,35.0,2.7162162162162162,2.8714285714285714,136.48986486486487,144.2892857142857,0.0,0.0,0.0,2011
DA WATSON,80.0,1.0,2.0,1.0,HYDRO,16.0,15.0,2.53125,2.7,51.2578125,54.675000000000004,0.0,0.0,0.0,2010
DARLINGTON-G1,936.0,1.0,1.0,1.5,NUCLEAR,6.0,5.0,78.08333333333333,93.7,18291.020833333332,21949.225000000002,52165.991416666664,100518.2095625,2.852,2015
DARLINGTON-G2,890.0,4.0,1.0,1.5,NUCLEAR,6.0,4.0,74.5,111.75,16650.75,24976.125,47487.939,100518.2095625,2.852,2015
DARLINGTON-G3,881.0,1.0,1.0,1.5,NUCLEAR,6.0,4.0,73.5,110.25,16206.75,24310.125,46221.651,100518.2095625,2.852,2015
DARLINGTON-G4,881.0,3.0,1.0,1.5,NUCLEAR,5.0,4.0,88.4,110.5,19536.4,24420.5,55717.8128,100518.2095625,2.852,2015
DECEWFALLS,564.0,1.0,3.0,1.0,HYDRO,55.0,62.0,5.136363636363637,4.556451612903226,725.5113636363636,643.5987903225807,0.0,0.0,0.0,2010
DECEWND1,32.0,1.0,1.0,1.0,HYDRO,9.0,9.0,1.8333333333333333,1.8333333333333333,15.125,15.125,0.0,0.0,0.0,2010
DESJOACHIMS,475.0,1.0,2.0,1.0,HYDRO,106.0,114.0,2.2452830188679247,2.087719298245614,267.188679245283,248.43859649122805,0.0,0.0,0.0,2010
DESTEC,245.0,1.0,3.0,1.0,GAS,18.0,11.0,6.833333333333333,11.181818181818182,420.25,687.6818181818181,2662.8721,4357.427072727272,6.3364,2010
DILLON,78.0,1.0,1.0,1.0,WIND,20.0,19.0,1.975,2.0789473684210527,39.00625,41.05921052631579,0.0,0.0,0.0,2010
DOWCHEMICAL,90.0,1.0,1.0,1.0,GAS,5.0,5.0,9.1,9.1,207.025,207.025,1311.79321,1311.79321,6.3364,2010
DPNTMTLND,52.0,1.0,3.0,1.0,GAS,23.0,24.0,1.1521739130434783,1.1041666666666667,15.266304347826088,14.630208333333334,96.73341086956523,92.70285208333334,6.3364,2010
EARFALLS,30.0,1.0,2.0,1.0,HYDRO,4.0,4.0,3.875,3.875,30.03125,30.03125,0.0,0.0,0.0,2010
EAST LAKE,99.0,1.0,1.0,1.0,WIND,23.0,22.0,2.1739130434782608,2.272727272727273,54.347826086956516,56.81818181818182,0.0,0.0,0.0,2013
EAST WINDSOR-G1,50.0,1.0,2.0,1.0,GAS,37.0,38.0,0.6891891891891891,0.6710526315789473,8.787162162162161,8.555921052631579,55.67897432432432,54.21373815789474,6.3364,2015
EAST WINDSOR-G2,50.0,1.0,2.0,1.0,GAS,37.0,38.0,0.6891891891891891,0.6710526315789473,8.787162162162161,8.555921052631579,55.67897432432432,54.21373815789474,6.3364,2015
ERIEAU,99.0,1.0,1.0,1.0,WIND,23.0,22.0,2.1739130434782608,2.272727272727273,54.347826086956516,56.81818181818182,0.0,0.0,0.0,2013
FORTFRANCSWC,297.0,1.0,1.0,1.0,HYDRO,8.649999999999636,8.0,17.225433526012285,18.625,1283.2947976879152,1387.5625,0.0,0.0,0.0,2010
GARTSHORE,100.0,1.0,1.0,1.0,HYDRO,49.0,56.0,1.030612244897959,0.9017857142857143,26.022959183673468,22.770089285714285,0.0,0.0,0.0,2010
GOSFIELDWGS,51.0,1.0,1.0,1.0,WIND,12.0,11.0,2.1666666666666665,2.3636363636363638,28.166666666666664,30.72727272727273,0.0,0.0,0.0,2010
GOSHEN,102.0,1.0,1.0,1.0,WIND,34.0,32.0,1.5147058823529411,1.609375,39.00367647058823,41.44140625,0.0,0.0,0.0,2015
GOULAIS,25.0,1.0,1.0,1.0,WIND,8.0,7.0,1.625,1.8571428571428572,10.5625,12.071428571428571,0.0,0.0,0.0,2015
GRAND VALLEY 3,40.0,1.0,1.0,1.0,WIND,10.0,10.0,2.05,2.05,21.0125,21.0125,0.0,0.0,0.0,2016
GRANDSF,100.0,1.0,6.0,9.0,SOLAR,35.0,34.0,1.4428571428571428,1.4852941176470589,36.43214285714286,37.50367647058824,0.0,0.0,0.0,2015
GRANDWF,154.0,1.0,1.0,1.0,WIND,46.0,42.0,1.684782608695652,1.8452380952380953,65.28532608695652,71.50297619047619,0.0,0.0,0.0,2014
GREENFIELD ENERGY CENTRE-G1,201.0,1.0,6.0,1.0,GAS,66.0,104.0,1.5303030303030303,0.9711538461538461,77.28030303030303,49.04326923076923,489.67891212121214,310.7577711538462,6.3364,2015
GREENFIELD ENERGY CENTRE-G2,201.0,1.0,6.0,1.0,GAS,66.0,104.0,1.5303030303030303,0.9711538461538461,77.28030303030303,49.04326923076923,489.67891212121214,310.7577711538462,6.3364,2015
GREENFIELD ENERGY CENTRE-G3,201.0,1.0,6.0,1.0,GAS,67.0,104.0,1.507462686567164,0.9711538461538461,76.12686567164178,49.04326923076923,482.370271641791,310.7577711538462,6.3364,2015
GREENFIELD ENERGY CENTRE-G4,505.0,1.0,6.0,1.0,GAS,128.0,152.0,1.9765625,1.6644736842105263,250.03515625,210.5559210526316,1584.3227640625,1334.1665381578948,6.3364,2015
GREENFIELD SOUTH-G1,198.0,1.0,9.0,1.0,GAS,69.0,103.0,1.4420289855072463,0.9660194174757282,71.7409420289855,48.05946601941748,454.57930507246374,304.52400048543694,6.3364,2016
GREENFIELD SOUTH-G2,133.0,1.0,8.0,1.0,GAS,46.0,63.0,1.4565217391304348,1.0634920634920635,48.79347826086956,35.62698412698413,309.1749956521739,225.74682222222222,6.3364,2016
GREENWICH,99.0,1.0,1.0,1.0,WIND,24.0,24.0,2.0833333333333335,2.0833333333333335,52.083333333333336,52.083333333333336,0.0,0.0,0.0,2011
GTAA-G1,47.0,1.0,7.0,1.0,GAS,28.0,27.0,0.8571428571428571,0.8888888888888888,10.285714285714285,10.666666666666666,65.17439999999999,67.58826666666667,6.3364,2015
GTAA-G2,47.0,1.0,7.0,1.0,GAS,28.0,27.0,0.8571428571428571,0.8888888888888888,10.285714285714285,10.666666666666666,65.17439999999999,67.58826666666667,6.3364,2015
GTAA-G3,34.0,1.0,5.0,1.0,GAS,15.0,17.0,1.1666666666666667,1.0294117647058822,10.208333333333334,9.00735294117647,64.68408333333333,57.074191176470585,6.3364,2015
HARMON,219.0,1.0,2.0,1.0,HYDRO,70.0,72.0,1.5714285714285714,1.5277777777777777,86.42857142857143,84.02777777777777,0.0,0.0,0.0,2010
HARMON 2,89.0,1.0,2.0,1.0,HYDRO,72.0,74.0,0.625,0.6081081081081081,14.0625,13.682432432432433,0.0,0.0,0.0,2014
HARRIS,30.0,1.0,2.0,1.0,HYDRO,5.0,5.0,3.1,3.1,24.025000000000002,24.025000000000002,0.0,0.0,0.0,2010
HENVEY NORTH,117.0,1.0,1.0,1.0,WIND,34.0,33.0,1.7352941176470589,1.7878787878787878,51.19117647058824,52.74242424242424,0.0,0.0,0.0,2019
HENVEY SOUTH,183.0,1.0,1.0,1.0,WIND,50.0,47.0,1.84,1.9574468085106382,84.64,90.04255319148936,0.0,0.0,0.0,2019
HOLDEN,265.0,1.0,3.0,1.0,HYDRO,73.0,68.0,1.821917808219178,1.9558823529411764,121.15753424657534,130.06617647058823,0.0,0.0,0.0,2010
HOLINGSWTH,24.0,1.0,2.0,1.0,HYDRO,21.0,22.0,0.5952380952380952,0.5681818181818182,3.7202380952380953,3.5511363636363638,0.0,0.0,0.0,2010
JERICHO,150.0,1.0,1.0,1.0,WIND,50.0,46.0,1.51,1.641304347826087,57.0025,61.95923913043478,0.0,0.0,0.0,2014
K2WIND,510.0,1.0,1.0,1.0,WIND,77.0,75.0,3.3181818181818183,3.4066666666666667,423.8977272727273,435.20166666666665,0.0,0.0,0.0,2015
KAKABEKA,26.0,1.0,1.0,1.0,HYDRO,4.0,3.0,3.375,4.5,22.78125,30.375,0.0,0.0,0.0,2010
KAPGS,60.0,1.0,2.0,1.0,GAS,9.0,11.0,3.388888888888889,2.772727272727273,51.68055555555556,42.284090909090914,327.46867222222227,267.9289136363637,6.3364,2010
KINGSBRIDGE,40.0,1.0,1.0,1.0,WIND,9.0,9.0,2.2777777777777777,2.2777777777777777,23.34722222222222,23.34722222222222,0.0,0.0,0.0,2010
KINGSTONSF,100.0,1.0,5.0,9.0,SOLAR,34.0,33.0,1.4852941176470589,1.5303030303030303,37.50367647058824,38.640151515151516,0.0,0.0,0.0,2015
KIPLING,391.0,1.0,2.0,1.0,HYDRO,70.0,70.0,2.8,2.8,274.4,274.4,0.0,0.0,0.0,2010
KIPLING 2,79.0,1.0,2.0,1.0,HYDRO,69.0,70.0,0.5797101449275363,0.5714285714285714,11.594202898550725,11.428571428571427,0.0,0.0,0.0,2014
LAKESUPERIOR,125.0,1.0,7.0,1.0,GAS,49.0,95.0,1.2857142857142858,0.6631578947368421,40.5,20.889473684210525,256.62420000000003,132.36406105263157,6.3364,2010
LANDON,40.0,1.0,1.0,1.0,WIND,16.0,15.0,1.28125,1.3666666666666667,13.1328125,14.008333333333333,0.0,0.0,0.0,2015
LENNOX-G1,535.0,1.0,5.0,1.0,GAS,86.75,90.0,3.089337175792507,2.977777777777778,413.971181556196,399.02222222222224,2623.08699481268,2528.364408888889,6.3364,2015
LENNOX-G2,535.0,1.0,4.0,1.0,GAS,68.14999999999986,83.5,3.932501834189296,3.2095808383233533,526.9552457813656,430.08383233532936,3338.9992193690455,2725.1831952095813,6.3364,2015
LENNOX-G3,535.0,1.0,1.0,1.0,GAS,86.20000000000005,92.0,3.10904872389791,2.9130434782608696,416.61252900231995,390.3478260869565,2639.8236287703003,2473.399965217391,6.3364,2015
LENNOX-G4,535.0,1.0,1.0,1.0,GAS,77.20000000000027,75.59999999999945,3.471502590673563,3.5449735449735704,465.18134715025747,475.02645502645845,2947.5750880828914,3009.9576296296514,6.3364,2015
LITTLELONG,204.0,1.0,2.0,1.0,HYDRO,61.0,61.0,1.680327868852459,1.680327868852459,86.11680327868852,86.11680327868852,0.0,0.0,0.0,2010
LITTLELONG 2,75.0,1.0,2.0,1.0,HYDRO,65.0,66.0,0.5846153846153846,0.5757575757575758,11.107692307692309,10.93939393939394,0.0,0.0,0.0,2013
LONGSAULTE,20.0,1.0,2.0,1.0,HYDRO,1.0,1.0,10.5,10.5,55.125,55.125,0.0,0.0,0.0,2010
LOWER WHITE RIVER,11.0,1.0,2.0,1.0,HYDRO,4.0,4.0,1.5,1.5,4.5,4.5,0.0,0.0,0.0,2016
LOWERNOTCH,284.0,1.0,1.0,1.0,HYDRO,112.0,112.0,1.2723214285714286,1.2723214285714286,90.65290178571429,90.65290178571429,0.0,0.0,0.0,2010
MACKAYGS,62.0,1.0,1.0,1.0,HYDRO,43.0,44.0,0.7325581395348837,0.7159090909090909,11.537790697674419,11.275568181818182,0.0,0.0,0.0,2010
MANITOUFALLS,183.0,1.0,2.0,1.0,HYDRO,18.0,19.0,5.111111111111111,4.842105263157895,235.1111111111111,222.73684210526315,0.0,0.0,0.0,2010
MISSION,15.0,1.0,2.0,1.0,HYDRO,5.0,5.0,1.6,1.6,6.4,6.4,0.0,0.0,0.0,2010
MTNCHUTE,173.0,1.0,2.0,1.0,HYDRO,69.0,72.0,1.2608695652173914,1.2083333333333333,54.84782608695652,52.5625,0.0,0.0,0.0,2010
NAGAGAMI,18.0,1.0,1.0,1.0,HYDRO,2.0,2.0,4.75,4.75,22.5625,22.5625,0.0,0.0,0.0,2010
NANTICOKE SOLAR,44.0,1.0,7.0,8.0,SOLAR,16.0,16.0,1.40625,1.40625,15.8203125,15.8203125,0.0,0.0,0.0,2018
NAPANEE-G1,302.0,1.0,9.0,1.0,GAS,84.0,149.0,1.8035714285714286,1.016778523489933,136.62053571428572,77.02097315436242,865.6823625000001,488.03569429530205,6.3364,2018
NAPANEE-G2,302.0,1.0,9.0,1.0,GAS,83.0,148.0,1.8253012048192772,1.0236486486486487,138.26656626506025,77.54138513513514,876.1122704819278,491.33323277027034,6.3364,2018
NIPIGONGS,63.0,1.0,1.0,1.0,GAS,8.0,10.0,4.0,3.2,64.0,51.2,405.5296,324.42368000000005,6.3364,2010
NORTH KENT,99.0,1.0,1.0,1.0,WIND,30.0,29.0,1.6666666666666667,1.7241379310344827,41.66666666666667,43.103448275862064,0.0,0.0,0.0,2018
NORTHBAYGS,66.0,1.0,1.0,1.0,GAS,9.0,10.0,3.7222222222222223,3.35,62.34722222222222,56.112500000000004,395.0569388888889,355.55124500000005,6.3364,2010
NORTHLAND POWER SOLAR FACILITIES,40.0,1.0,3.0,8.0,SOLAR,15.0,14.0,1.3666666666666667,1.4642857142857142,14.008333333333333,15.008928571428571,0.0,0.0,0.0,2016
NPCOCHRANE,58.0,1.0,1.0,1.0,GAS,4.75,4.0,6.2105263157894735,7.375,91.60526315789474,108.78125,580.4475894736843,689.2815125000001,6.3364,2010
NPIROQFALLS,131.0,1.0,2.0,1.0,GAS,16.0,13.0,4.125,5.076923076923077,136.125,167.53846153846152,862.54245,1061.5907076923077,6.3364,2010
NPKIRKLAND-G1-G5,160.0,1.0,2.0,1.0,GAS,13.0,12.0,6.1923076923076925,6.708333333333333,249.2403846153846,270.01041666666663,1579.286773076923,1710.8940041666665,6.3364,2015
NPKIRKLAND-G6,41.0,1.0,1.0,1.0,GAS,25.0,26.0,0.84,0.8076923076923077,8.82,8.480769230769232,55.88704800000001,53.73754615384616,6.3364,2015
OTTERRAPIDS,190.0,1.0,1.0,1.0,HYDRO,93.0,91.0,1.0268817204301075,1.0494505494505495,49.03360215053763,50.11126373626374,0.0,0.0,0.0,2010
PAROCHES,49.0,1.0,1.0,1.0,WIND,13.0,12.0,1.9230769230769231,2.0833333333333335,24.03846153846154,26.041666666666668,0.0,0.0,0.0,2011
PETER SUTHERLAND SR,82.0,1.0,2.0,1.0,HYDRO,8.0,8.0,5.1875,5.1875,107.640625,107.640625,0.0,0.0,0.0,2017
PICKERINGA-G1,515.0,1.0,1.0,1.5,NUCLEAR,4.0,3.0,64.5,86.0,8320.5,11094.0,23730.066,100518.2095625,2.852,2015
PICKERINGA-G4,515.0,1.0,1.0,1.5,NUCLEAR,5.0,3.0,51.6,86.0,6656.400000000001,11094.0,18984.0528,100518.2095625,2.852,2015
PICKERINGB-G5,530.0,1.0,1.0,1.0,NUCLEAR,5.0,4.0,53.1,66.375,7049.025000000001,8811.28125,20103.8193,100518.2095625,2.852,2015
PICKERINGB-G6,520.0,1.0,1.0,2.0,NUCLEAR,5.0,4.0,52.1,65.125,6786.025000000001,8482.53125,19353.743300000002,100518.2095625,2.852,2015
PICKERINGB-G7,530.0,1.0,1.0,2.0,NUCLEAR,4.0,4.0,66.375,66.375,8811.28125,8811.28125,25129.774125,100518.2095625,2.852,2015
PICKERINGB-G8,520.0,1.0,1.0,1.0,NUCLEAR,5.0,4.0,52.1,65.125,6786.025000000001,8482.53125,19353.743300000002,100518.2095625,2.852,2015
PINEPORTAGE,151.0,1.0,2.0,1.0,HYDRO,42.0,41.0,1.8095238095238095,1.853658536585366,68.76190476190476,70.4390243902439,0.0,0.0,0.0,2010
PORT BURWELL,105.0,1.0,1.0,1.0,WIND,26.0,24.0,2.0384615384615383,2.2083333333333335,54.01923076923077,58.520833333333336,0.0,0.0,0.0,2010
PORTALMA-T1,101.0,1.0,1.0,1.0,WIND,27.0,26.0,1.8888888888888888,1.9615384615384615,48.166666666666664,50.01923076923077,0.0,0.0,0.0,2015
PORTALMA-T3,101.0,1.0,1.0,1.0,WIND,29.0,28.0,1.7586206896551724,1.8214285714285714,44.8448275862069,46.44642857142857,0.0,0.0,0.0,2015
PORTLANDS-G1,197.0,1.0,8.0,1.0,GAS,82.0,104.0,1.2073170731707317,0.9519230769230769,59.762195121951216,47.12019230769231,378.6771731707317,298.57238653846156,6.3364,2015
PORTLANDS-G2,197.0,1.0,8.0,1.0,GAS,82.0,102.0,1.2073170731707317,0.9705882352941176,59.762195121951216,48.044117647058826,378.6771731707317,304.42674705882354,6.3364,2015
PORTLANDS-G3,245.0,1.0,8.0,1.0,GAS,79.0,116.0,1.5569620253164558,1.0603448275862069,95.75316455696203,65.21120689655172,606.7303518987343,413.2042913793103,6.3364,2015
PRINCEFARM,189.0,1.0,1.0,1.0,WIND,36.0,34.0,2.638888888888889,2.7941176470588234,125.34722222222221,132.72058823529412,0.0,0.0,0.0,2010
RAYNER,48.0,1.0,1.0,1.0,HYDRO,32.0,31.0,0.765625,0.7903225806451613,9.37890625,9.681451612903226,0.0,0.0,0.0,2010
REDROCK,48.0,1.0,1.0,1.0,HYDRO,18.0,18.0,1.3611111111111112,1.3611111111111112,16.67361111111111,16.67361111111111,0.0,0.0,0.0,2010
RIPLEY SOUTH,77.0,1.0,1.0,1.0,WIND,19.0,18.19999999999709,2.0526315789473686,2.1428571428574856,40.026315789473685,41.78571428572097,0.0,0.0,0.0,2010
SAUNDERS,1722.0,207.0,2.0,1.0,HYDRO,57.0,57.0,16.92105263157895,16.92105263157895,8160.177631578948,8160.177631578948,0.0,0.0,0.0,2010
SHANNON,99.0,1.0,1.0,1.0,WIND,20.0,20.0,2.5,2.5,62.5,62.5,0.0,0.0,0.0,2014
SILVERFALLS,56.0,1.0,2.0,1.0,HYDRO,46.0,46.0,0.6195652173913043,0.6195652173913043,8.828804347826086,8.828804347826086,0.0,0.0,0.0,2010
SITHE GOREWAY-G11,212.0,1.0,9.0,1.0,GAS,77.0,85.0,1.3831168831168832,1.2529411764705882,73.65097402597404,66.71911764705882,466.6820318181819,422.75901705882353,6.3364,2015
SITHE GOREWAY-G12,212.0,1.0,8.0,1.0,GAS,77.0,81.0,1.3831168831168832,1.3148148148148149,73.65097402597404,70.01388888888889,466.6820318181819,443.6360055555555,6.3364,2015
SITHE GOREWAY-G13,212.0,1.0,9.0,1.0,GAS,74.94999999999891,80.0,1.4209472981988198,1.33125,75.66544362908715,70.88906250000001,479.44651701134785,449.18145562500007,6.3364,2015
SITHE GOREWAY-G15,357.0,1.0,8.0,1.0,GAS,100.0,114.0,1.79,1.5701754385964912,160.205,140.53070175438597,1015.1229620000001,890.4587385964913,6.3364,2015
SMOKY 2,266.0,1.0,2.0,1.0,HYDRO,80.0,82.0,1.66875,1.6280487804878048,111.3890625,108.67225609756098,0.0,0.0,0.0,2014
SOUTHGATE SF,50.0,1.0,4.0,9.0,SOLAR,15.0,15.0,1.7,1.7,21.675,21.675,0.0,0.0,0.0,2017
SPENCE,99.0,1.0,1.0,1.0,WIND,28.0,27.0,1.7857142857142858,1.8518518518518519,44.642857142857146,46.2962962962963,0.0,0.0,0.0,2010
STCLAIRCGS,640.0,1.0,7.0,1.0,GAS,181.0,221.0,1.770718232044199,1.4502262443438914,283.7575966850829,232.3987556561086,1798.0016356353592,1472.5714753393665,6.3364,2010
STEEPHILL,16.0,1.0,3.0,1.0,HYDRO,11.0,11.0,0.7727272727272727,0.7727272727272727,3.284090909090909,3.284090909090909,0.0,0.0,0.0,2010
STEWARTVLE,187.0,1.0,2.0,1.0,HYDRO,48.0,49.0,1.9583333333333333,1.9183673469387754,92.04166666666666,90.16326530612244,0.0,0.0,0.0,2010
STONE MILLS SF,54.0,1.0,6.0,8.0,SOLAR,20.0,20.0,1.375,1.375,18.90625,18.90625,0.0,0.0,0.0,2018
SUMMERHAVEN,129.0,1.0,1.0,1.0,WIND,35.0,31.0,1.8571428571428572,2.096774193548387,60.35714285714286,68.14516129032258,0.0,0.0,0.0,2013
TADOUGLAS,194.0,1.0,1.0,1.0,GAS,11.0,9.0,8.863636363636363,10.833333333333334,432.1022727272727,528.125,2737.972840909091,3346.41125,6.3364,2010
TAOHSC,78.0,1.0,4.0,1.0,GAS,20.0,33.0,1.975,1.196969696969697,39.00625,23.640151515151516,247.15920250000002,149.79345606060608,6.3364,2010
TASARNIA,510.0,1.0,1.0,1.0,GAS,72.0,71.0,3.548611111111111,3.5985915492957745,453.33506944444446,459.7200704225352,2872.512334027778,2912.970254225352,6.3364,2010
TAWINDSOR,78.0,1.0,5.0,1.0,GAS,25.0,31.0,1.58,1.2741935483870968,31.205000000000002,25.16532258064516,197.72736200000003,159.45755,6.3364,2010
TBAYBOWATER CTS,52.0,1.0,1.0,1.0,BIOFUEL,13.0,13.0,2.0384615384615383,2.0384615384615383,27.009615384615383,27.009615384615383,140.66607692307693,140.66607692307693,5.208,2013
THOROLDCGS,351.0,1.0,6.0,1.0,GAS,120.0,148.0,1.4666666666666666,1.1891891891891893,129.06666666666666,104.64864864864866,817.8180266666667,663.0956972972974,6.3364,2010
TUNISGS,60.0,1.0,2.0,1.0,GAS,20.0,24.0,1.525,1.2708333333333333,23.256249999999998,19.380208333333332,147.36090249999998,122.80075208333334,6.3364,2010
UMBATAFALLS,26.0,1.0,2.0,1.0,HYDRO,3.0,2.0,4.5,6.75,30.375,45.5625,0.0,0.0,0.0,2010
UNDERWOOD,182.0,1.0,1.0,1.0,WIND,40.0,39.0,2.2875,2.3461538461538463,104.653125,107.33653846153847,0.0,0.0,0.0,2010
UPPER WHITE RIVER,12.0,1.0,2.0,1.0,HYDRO,5.0,4.0,1.3,1.625,4.2250000000000005,5.28125,0.0,0.0,0.0,2016
WELLS,242.0,1.0,1.0,1.0,HYDRO,107.0,101.0,1.1355140186915889,1.202970297029703,68.98247663551402,73.08044554455445,0.0,0.0,0.0,2010
WEST LINCOLN NRWF,230.0,1.0,1.0,1.0,WIND,58.0,53.0,1.9913793103448276,2.1792452830188678,115.0021551724138,125.85141509433961,0.0,0.0,0.0,2016
WESTWINDSOR,253.0,1.0,3.0,1.0,GAS,36.0,52.0,3.5277777777777777,2.4423076923076925,224.01388888888889,155.08653846153848,1419.4416055555555,982.6903423076925,6.3364,2010
WHITBYCGS,57.0,1.0,1.0,1.0,GAS,11.0,5.0,2.6363636363636362,5.8,38.22727272727273,84.1,242.2232909090909,532.89124,6.3364,2010
WHITEDOG,77.0,1.0,2.0,1.0,HYDRO,30.0,30.0,1.3,1.3,25.35,25.35,0.0,0.0,0.0,2010
WINDSOR AIRPORT SF,50.0,1.0,6.0,9.0,SOLAR,16.0,16.0,1.59375,1.59375,20.3203125,20.3203125,0.0,0.0,0.0,2017
WOLFE ISLAND,198.0,1.0,1.0,1.0,WIND,48.0,43.0,2.0729166666666665,2.313953488372093,103.12760416666666,115.11918604651163,0.0,0.0,0.0,2010
YORKCGS-G1,232.0,1.0,3.0,1.0,GAS,132.0,134.0,0.8825757575757576,0.8694029850746269,51.410037878787875,50.64272388059702,325.7545640151515,320.89255559701496,6.3364,2015
YORKCGS-G2,232.0,1.0,3.0,1.0,GAS,131.0,133.0,0.8893129770992366,0.8759398496240601,51.80248091603053,51.0234962406015,328.2412400763359,323.30528157894736,6.3364,2015
ZURICH,99.0,1.0,1.0,1.0,WIND,27.0,25.0,1.8518518518518519,2.0,46.2962962962963,50.0,0.0,0.0,0.0,2016
CRYSLER,100.0,1.0,1.0,1.0,WIND,28.0,25.0,1.8035714285714286,2.02,45.54017857142857,51.005,0.0,0.0,0.0,2019
MCLEANSMTNWF-LT.AG_T1,60.0,1.0,1.0,1.0,WIND,13.0,13.0,2.3461538461538463,2.3461538461538463,35.77884615384615,35.77884615384615,0.0,0.0,0.0,2015
RAILBEDWF-LT.AG_SR,270.0,1.0,1.0,1.0,WIND,80.0,76.0,1.69375,1.7828947368421053,114.7515625,120.79111842105263,0.0,0.0,0.0,2015
ROMNEY,60.0,1.0,1.0,1.0,WIND,19.0,19.0,1.605263157894737,1.605263157894737,24.48026315789474,24.48026315789474,0.0,0.0,0.0,2019
SANDUSK-LT.AG_T1,105.0,1.0,1.0,1.0,WIND,26.0,24.0,2.0384615384615383,2.2083333333333335,54.01923076923077,58.520833333333336,0.0,0.0,0.0,2015
COCHRANECGS,4.0,1.0,6.0,1.0,GAS,10.0,20.4,0.25,0.12254901960784315,0.3125,0.15318627450980393,1.9801250000000001,0.9706495098039217,6.3364,2024
HALTONHILLS-LT.G1,230.0,1.0,9.0,1.0,GAS,61.0,103.0,1.8934426229508197,1.1213592233009708,109.34631147540983,64.75849514563106,692.8619680327869,410.33572864077667,6.3364,2015
HALTONHILLS-LT.G2,230.0,1.0,9.0,1.0,GAS,61.0,102.0,1.8934426229508197,1.1323529411764706,109.34631147540983,65.39338235294117,692.8619680327869,414.35862794117645,6.3364,2015
HALTONHILLS-LT.G3,305.0,1.0,8.0,1.0,GAS,81.0,131.0,1.8888888888888888,1.16793893129771,144.5,89.34732824427482,915.6098000000001,566.140410687023,6.3364,2015
NAPANEE-G3,458.0,1.0,8.0,1.0,GAS,127.0,145.0,1.8070866141732282,1.5827586206896551,207.36318897637793,181.62155172413793,1313.9361106299211,1150.8268003448277,6.3364,2019
