generator,fuel_type,on_hours,on_rate,avg_dispatch_mw,avg_dispatch_when_on_mw,max_dispatch_mw,startup_count,shutdown_count,high_gas_hour_dispatch_mwh,high_gas_hour_on_rate,recommended_role
ATIKOKAN-G1,BIOFUEL,4746,0.7389070527790752,33.181935254530146,57.38491387718016,182.0,8,7,77166.96705336658,0.10042036431574031,Dispatchable support
TBAYBOWATER CTS,BIOFUEL,4125,0.6422232601588043,16.11285322940574,25.089177283023776,50.0,25,24,29167.875441055923,0.09995329285380664,Dispatchable support
CALSTOCKGS,BIOFUEL,4079,0.6350614977424879,9.068773927357617,20.915165147367315,38.0,44,44,20254.0,0.09901914992993928,Dispatchable support
HYDROGEN READY POWER PLANT (HRPP),GAS,2020,0.697754749568221,138.8711571675302,204.9092762487258,206.0,4,3,45848.0,0.07910189982728842,Mid-merit thermal
GREENFIELD ENERGY CENTRE-G2,GAS,15,0.002335357309668379,0.39836448751882353,170.57967355556022,175.0,1,1,2274.6951033334035,0.0020239763350459287,Standby peaker
BRIGHTON BEACH,GAS,4735,0.7371944574186517,79.5059441868728,109.84441374753368,612.0,1,0,210811.78512147427,0.10042036431574031,Mid-merit thermal
STCLAIRCGS,GAS,4727,0.7359489335201619,49.13637948575274,103.03720712928168,618.0,2,1,178252.90660845386,0.10042036431574031,Mid-merit thermal
NAPANEE-G3,GAS,4575,0.7122839794488557,47.26014549677025,79.67241851069694,458.0,1,1,157166.45383087243,0.09855207846800561,Mid-merit thermal
PORTLANDS-G3,GAS,480,0.07473143390938813,5.193518210846564,69.49576555889058,225.0,9,10,29003.09634038565,0.029892573563755253,Standby peaker
GREENFIELD ENERGY CENTRE-G4,GAS,6423,1.0,65.11846681646581,69.1103622541573,497.0,0,0,164159.6618003849,0.10042036431574031,Mid-merit thermal
TAOHSC,GAS,14,0.002179666822357154,0.1494628678187764,68.57142857142864,70.00000000000045,1,1,890.0000000000009,0.0020239763350459287,Standby peaker
GREENFIELD ENERGY CENTRE-G3,GAS,426,0.06632414759458197,4.19273207717217,66.98984609869864,200.0,5,6,16092.55323249258,0.025221858944418495,Standby peaker
YORKCGS-G1,GAS,2812,0.4378016503191655,28.349811858993657,64.93967245731677,232.0,52,52,74746.95223551334,0.08080336291452592,Mid-merit thermal
YORKCGS-G2,GAS,2961,0.46099953292853807,28.385774980561806,61.78306767202592,232.0,22,22,73581.01706821978,0.08204888681301573,Mid-merit thermal
PORTLANDS-G1,GAS,503,0.07831231511754631,4.80413938802788,61.345899183505125,197.0,5,6,9274.657438803799,0.011209715086408221,Standby peaker
HALTONHILLS-LT.G3,GAS,3902,0.6075042814884011,34.046138577841454,60.71025765837747,299.0,2,1,93230.71528310249,0.09419274482329129,Mid-merit thermal
HALTONHILLS-LT.G1,GAS,2225,0.3464113342674763,18.122341245210464,60.62489469686813,230.0,3,3,69022.71862412783,0.08142612486377082,Standby peaker
NAPANEE-G1,GAS,1512,0.23540401681457263,14.10979075230234,59.938615080712914,260.0,1,2,59183.498259997985,0.05698271835590846,Standby peaker
PORTLANDS-G2,GAS,1343,0.20909232445897555,10.879204360132373,59.877574640214426,197.0,14,15,29823.16660532664,0.04919819399034719,Standby peaker
NAPANEE-G2,GAS,1512,0.23540401681457263,14.07256782961712,59.78049151430606,260.0,1,2,59786.760040764,0.05698271835590846,Standby peaker
THOROLDCGS,GAS,4623,0.7197571228397945,39.572307235835375,57.79284433282643,303.0,1,0,92610.32632993178,0.10042036431574031,Mid-merit thermal
GREENFIELD SOUTH-G1,GAS,979,0.15242098707768956,7.10191753572073,57.450398402939875,192.0,3,3,33836.98675904806,0.05962945664019929,Standby peaker
HALTONHILLS-LT.G2,GAS,1343,0.20909232445897555,11.193489891076934,54.88227906136424,230.0,1,1,48843.91431173642,0.05449167055892885,Standby peaker
SITHE GOREWAY-G15,GAS,6423,1.0,51.2087660223702,54.6641024034708,350.0,0,0,135056.15483741055,0.10042036431574031,Mid-merit thermal
SITHE GOREWAY-G11,GAS,3736,0.5816596605947376,25.731890422302932,49.58773842857837,212.0,4,5,68948.49524020072,0.08329441071150552,Mid-merit thermal
SITHE GOREWAY-G13,GAS,2357,0.366962478592558,18.0056275875924,49.444269343781954,212.0,8,8,70276.71546891221,0.09325860189942395,Standby peaker
GREENFIELD ENERGY CENTRE-G1,GAS,885,0.13778608127043437,5.9798106180778055,49.1155033246979,200.0,2,3,20605.337589569306,0.03362914525922466,Standby peaker
LAKESUPERIOR,GAS,981,0.152732368052312,6.40403123491356,43.2524633247632,125.0,6,6,18635.187913358415,0.03721002646738284,Standby peaker
SITHE GOREWAY-G12,GAS,4240,0.6601276661995952,24.633021143775544,42.22521879009082,212.0,2,2,69976.73944154593,0.096061030671026,Mid-merit thermal
GREENFIELD SOUTH-G2,GAS,995,0.15491203487466915,4.990668670634612,40.169254224919946,133.0,11,11,18908.228116889022,0.04997664642690332,Standby peaker
DPNTMTLND,GAS,142,0.02210804919819399,0.7625720068503814,34.49295774647887,52.0,3,3,3543.0,0.013078000934142924,Standby peaker
GTAA-G1,GAS,101,0.015724739218433755,0.4907364160049825,31.207920792079236,47.000000000000966,4,4,858.0,0.003269500233535731,Standby peaker
GTAA-G2,GAS,127,0.019772691888525613,0.558914410975063,28.266986312541967,47.0,7,7,862.0,0.004982095593959209,Standby peaker
TAWINDSOR,GAS,401,0.062431885411801336,1.6072415502051605,26.0689709014337,76.0,2,2,6075.733528734367,0.024910477969796046,Standby peaker
EAST WINDSOR-G2,GAS,142,0.02210804919819399,0.481546573289058,25.14612715638715,46.0,5,5,1540.8072830585643,0.009652810213295967,Standby peaker
TUNISGS,GAS,455,0.0708391717266075,1.420402942406844,20.0510947232509,59.0,6,6,5848.286217768957,0.03004826405106648,Standby peaker
EAST WINDSOR-G1,GAS,342,0.053246146660439045,0.9153514148432998,19.532565240991744,46.0,7,7,1274.7698978677945,0.007161762416316363,Standby peaker
NPKIRKLAND-G6,GAS,41,0.006383309979760237,0.10573106821637639,16.563674418385013,33.0,1,1,410.1106511537855,0.003269500233535731,Standby peaker
TASARNIA,GAS,70,0.01089833411178577,0.12112719912813327,11.114285714285714,308.0,18,19,0.0,0.0,Standby peaker
NPKIRKLAND-G1-G5,GAS,6423,1.0,8.281100038498433,8.801837753975747,86.0,0,0,21640.049482292397,0.10042036431574031,Mid-merit thermal
DOWCHEMICAL,GAS,6423,1.0,4.712599444524524,4.731013790587842,36.0,0,0,10844.679091757142,0.10042036431574031,Mid-merit thermal
COCHRANECGS,GAS,212,0.03300638330997976,0.09325860189942395,2.995,4.0,15,15,215.0,0.011209715086408221,Standby peaker
CARDINAL,GAS,0,0.0,0.0,0.0,0.0,0,0,0.0,0.0,Standby peaker
DESTEC,GAS,0,0.0,0.0,0.0,0.0,0,0,0.0,0.0,Standby peaker
GTAA-G3,GAS,0,0.0,0.0,0.0,0.0,0,0,0.0,0.0,Standby peaker
KAPGS,GAS,0,0.0,0.0,0.0,0.0,0,0,0.0,0.0,Standby peaker
LENNOX-G1,GAS,0,0.0,0.0,0.0,0.0,0,0,0.0,0.0,Standby peaker
LENNOX-G2,GAS,0,0.0,0.0,0.0,0.0,0,0,0.0,0.0,Standby peaker
LENNOX-G3,GAS,0,0.0,0.0,0.0,0.0,0,0,0.0,0.0,Standby peaker
LENNOX-G4,GAS,0,0.0,0.0,0.0,0.0,0,0,0.0,0.0,Standby peaker
NIPIGONGS,GAS,0,0.0,0.0,0.0,0.0,0,0,0.0,0.0,Standby peaker
NORTHBAYGS,GAS,0,0.0,0.0,0.0,0.0,0,0,0.0,0.0,Standby peaker
NPIROQFALLS,GAS,0,0.0,0.0,0.0,0.0,0,0,0.0,0.0,Standby peaker
WESTWINDSOR,GAS,0,0.0,0.0,0.0,0.0,0,0,0.0,0.0,Standby peaker
WHITBYCGS,GAS,0,0.0,0.0,0.0,0.0,0,0,0.0,0.0,Standby peaker
BECK2,HYDRO,6423,1.0,1538.8516269655925,1538.8516269655925,1603.0,0,0,1015074.0,0.10042036431574031,Flexible renewable support
SAUNDERS,HYDRO,6423,1.0,867.6400435933365,867.6400435933365,984.0,0,0,570445.0,0.10042036431574031,Flexible renewable support
BECK1,HYDRO,6423,1.0,471.4806165343297,471.4806165343297,511.0,0,0,302319.0,0.10042036431574031,Flexible renewable support
DESJOACHIMS,HYDRO,6423,1.0,317.96621516425347,317.96621516425347,429.0,0,0,218744.0,0.10042036431574031,Flexible renewable support
CANYON,HYDRO,6423,1.0,302.53791063366026,302.53791063366026,348.0,0,0,201514.0,0.10042036431574031,Flexible renewable support
LOWERNOTCH,HYDRO,6362,0.9905028802740152,205.3882920753542,207.3575919522163,274.0,0,0,139987.0,0.10042036431574031,Flexible renewable support
SMOKY 2,HYDRO,6404,0.9970418807410867,201.1913436089055,201.788257339163,266.0,0,0,128246.0,0.10010898334111785,Flexible renewable support
HOLDEN,HYDRO,6412,0.9982874046395765,174.33115366651097,174.63022457891452,265.0,0,0,119277.0,0.10042036431574031,Flexible renewable support
MTNCHUTE,HYDRO,6311,0.9825626654211428,147.69375681145883,150.3148470923784,173.0,0,0,87590.0,0.09777362603144948,Flexible renewable support
KIPLING,HYDRO,5125,0.7979137474700296,111.35263895375992,139.55473170731707,152.0,0,0,83477.0,0.08889926825470963,Flexible renewable support
CHATSFALLS,HYDRO,4580,0.7130624318854119,99.49307177331465,139.5292576419214,192.0,0,0,63362.0,0.06741398100576054,Flexible renewable support
PINEPORTAGE,HYDRO,6399,0.9962634283045306,136.85925579947065,137.37255821222067,146.0,0,0,90440.0,0.10042036431574031,Flexible renewable support
HARMON,HYDRO,6314,0.9830297368830765,130.8961544449634,133.15584415584416,156.0,0,0,82634.0,0.09839638798069437,Flexible renewable support
WELLS,HYDRO,6389,0.9947065234314183,130.46489179511133,131.1591798403506,226.0,0,0,77906.0,0.09995329285380664,Flexible renewable support
BARRETT,HYDRO,6414,0.998598785614199,126.9111007317453,127.08917991892734,176.0,0,0,84187.0,0.09948622139187295,Flexible renewable support
DECEWFALLS,HYDRO,6286,0.9786704032383622,122.52234158492917,125.19265033407572,148.0,0,0,75545.0,0.0979293165187607,Flexible renewable support
AUBREYFALLS,HYDRO,6204,0.9659037832788416,118.37770512221704,122.55641521598969,146.0,0,0,78438.0,0.09715086408220458,Flexible renewable support
OTTERRAPIDS,HYDRO,6410,0.9979760236649541,121.901447921532,122.14867394695789,190.0,0,0,73852.0,0.10042036431574031,Flexible renewable support
LITTLELONG,HYDRO,5787,0.9009808500700607,98.68955316830142,109.53568342837394,144.0,0,0,53757.0,0.08812081581815351,Flexible renewable support
APIROQUOIS,HYDRO,6267,0.9757122839794489,98.17935544138253,100.62326471996171,118.0,0,0,66351.0,0.10042036431574031,Flexible renewable support
CHENAUX,HYDRO,6423,1.0,98.99501790440604,98.99501790440604,147.0,0,0,68209.0,0.10042036431574031,Flexible renewable support
STEWARTVLE,HYDRO,6316,0.9833411178576988,95.13342674762572,96.74509183027233,182.0,0,0,61244.0,0.09870776895531683,Flexible renewable support
CARIBOUFALLS,HYDRO,5893,0.9174840417250506,81.3244589755566,88.63855421686748,94.0,0,0,57830.0,0.09886345944262806,Flexible renewable support
CAMERONFALLS,HYDRO,6423,1.0,81.84477658415071,81.84477658415071,96.0,0,0,52245.0,0.10042036431574031,Flexible renewable support
GARTSHORE,HYDRO,6418,0.9992215475634438,79.12657636618403,79.18822062947959,89.0,0,0,51555.0,0.10042036431574031,Flexible renewable support
KIPLING 2,HYDRO,5945,0.9255799470652343,73.01120971508641,78.88158116063919,79.0,0,0,45088.0,0.08889926825470963,Flexible renewable support
HARMON 2,HYDRO,5804,0.9036275883543515,70.44916705589289,77.96261199172984,78.0,0,0,38616.0,0.07722248170636774,Flexible renewable support
LITTLELONG 2,HYDRO,3914,0.6093725673361358,45.65498988011832,74.92130812468064,75.0,0,0,41428.0,0.08609683948310758,Flexible renewable support
DA WATSON,HYDRO,6423,1.0,71.60719290051378,71.60719290051378,80.0,0,0,46228.0,0.10042036431574031,Flexible renewable support
WHITEDOG,HYDRO,5984,0.9316518760703721,62.90829830297369,67.52339572192513,68.0,0,0,43630.0,0.10042036431574031,Flexible renewable support
BECK2 PGS,HYDRO,6184,0.9627899735326172,62.51985053713218,64.9361254851229,116.0,0,0,52693.0,0.09590534018371477,Flexible renewable support
ALEXANDER,HYDRO,6412,0.9982874046395765,57.022108049198195,57.119931378665,65.0,0,0,34905.0,0.10042036431574031,Flexible renewable support
MANITOUFALLS,HYDRO,6306,0.9817842129845866,55.8530281799782,56.88931176657152,74.0,0,0,40251.0,0.09917484041725051,Flexible renewable support
SILVERFALLS,HYDRO,6002,0.9344543048419741,47.65716954694068,51.0,51.0,0,0,30753.0,0.09388136384866885,Flexible renewable support
ARNPRIOR,HYDRO,5496,0.8556749182624942,42.69126576366184,49.89192139737991,82.0,0,0,32226.0,0.09434843531060252,Flexible renewable support
MACKAYGS,HYDRO,6413,0.9984430951268878,47.98443095126888,48.059254639014505,62.0,0,0,30149.0,0.10042036431574031,Flexible renewable support
CLERGUE,HYDRO,6410,0.9979760236649541,43.78857231823135,43.8773790951638,53.0,0,0,29132.0,0.10042036431574031,Flexible renewable support
REDROCK,HYDRO,5835,0.9084539934609995,29.996886190253775,33.0197086546701,48.0,0,0,20299.0,0.09528257823446988,Flexible renewable support
AGUASABON,HYDRO,6402,0.9967304997664642,32.5063054647361,32.612933458294286,49.0,0,0,21915.0,0.10010898334111785,Flexible renewable support
RAYNER,HYDRO,5829,0.9075198505371321,24.517982251284447,27.016469377251674,42.0,0,0,15414.0,0.07893507706679122,Flexible renewable support
PETER SUTHERLAND SR,HYDRO,6337,0.9866106180912346,25.130624318854117,25.47167429382989,27.0,0,0,16606.0,0.09995329285380664,Flexible renewable support
UMBATAFALLS,HYDRO,6423,1.0,24.0,24.0,24.0,0,0,15480.0,0.10042036431574031,Flexible renewable support
DECEWND1,HYDRO,4197,0.6534329752452125,14.50054491670559,22.191327138432214,29.0,0,0,5885.0,0.04172505059940838,Flexible renewable support
HOLINGSWTH,HYDRO,6279,0.9775805698271836,20.769733769266697,21.24605828953655,23.0,0,0,13407.0,0.10042036431574031,Flexible renewable support
LONGSAULTE,HYDRO,6408,0.9976646426903316,19.84119570294255,19.8876404494382,20.0,0,0,12840.0,0.10042036431574031,Flexible renewable support
EARFALLS,HYDRO,6280,0.9777362603144948,16.014790596294567,16.379458598726114,18.0,0,0,10043.0,0.09855207846800561,Flexible renewable support
STEEPHILL,HYDRO,6308,0.9820955939592091,14.179666822357154,14.438173747622066,15.0,0,0,9287.0,0.09933053090456173,Flexible renewable support
NAGAGAMI,HYDRO,5702,0.8877471586486065,11.247547874824848,12.669764994738689,18.0,0,0,6588.0,0.08874357776739841,Flexible renewable support
MISSION,HYDRO,6221,0.9685505215631325,11.962478592557995,12.350908214113486,15.0,0,0,8257.0,0.09948622139187295,Flexible renewable support
HARRIS,HYDRO,6307,0.9819399034718979,11.67725361980383,11.89202473442207,12.0,0,0,7704.0,0.09995329285380664,Flexible renewable support
ABKENORA,HYDRO,6423,1.0,10.888992682547096,10.888992682547096,11.0,0,0,7050.0,0.10042036431574031,Flexible renewable support
FORTFRANCSWC,HYDRO,6423,1.0,10.0,10.0,10.0,0,0,6450.0,0.10042036431574031,Flexible renewable support
CARMICHAEL,HYDRO,6060,0.9434843531060252,8.510042036431575,9.01980198019802,19.0,0,0,5346.0,0.09248014946286783,Flexible renewable support
LOWER WHITE RIVER,HYDRO,6423,1.0,1.0,1.0,1.0,0,0,645.0,0.10042036431574031,Flexible renewable support
KAKABEKA,HYDRO,0,0.0,0.0,0.0,0.0,0,0,0.0,0.0,Flexible renewable support
UPPER WHITE RIVER,HYDRO,0,0.0,0.0,0.0,0.0,0,0,0.0,0.0,Flexible renewable support
DARLINGTON-G3,NUCLEAR,6134,0.9550054491670559,814.1233255328463,852.4802934296498,881.0,0,0,530190.0,0.09715086408220458,Baseload
DARLINGTON-G2,NUCLEAR,6362,0.9905028802740152,844.1881099031361,852.2823373008243,881.0,0,0,549445.0,0.10042036431574031,Baseload
DARLINGTON-G1,NUCLEAR,5623,0.8754476101510198,729.7619909768122,833.5872786846992,881.0,0,0,517626.0,0.09512688774715865,Baseload
BRUCEB-G8,NUCLEAR,5902,0.9188852561108516,726.2276977767922,790.3355646933815,817.0,0,0,509308.0,0.0973065545695158,Baseload
BRUCEB-G7,NUCLEAR,5307,0.8262494161606726,639.4030280222811,773.862002824027,817.0,0,0,461461.0,0.08812081581815351,Baseload
BRUCEB-G6,NUCLEAR,4909,0.764284602210805,582.4845065622543,762.1303698613484,817.0,0,0,526965.0,0.10042036431574031,Baseload
BRUCEB-G5,NUCLEAR,4216,0.6563910945041258,484.97043264771065,738.8437117875345,817.0,0,0,524591.2675669772,0.10010898334111785,Baseload
BRUCEA-G1,NUCLEAR,2958,0.46053246146660437,337.762331254304,733.4169890623375,828.0,0,0,514349.9715866757,0.09870776895531683,Baseload
BRUCEA-G2,NUCLEAR,2027,0.31558461777985364,228.0393704636242,722.593426979703,828.0,0,0,404304.0753751698,0.07737817219367897,Baseload
PICKERINGB-G7,NUCLEAR,6423,1.0,517.2048886813016,517.2048886813016,530.0,0,0,330864.0,0.10042036431574031,Baseload
PICKERINGB-G8,NUCLEAR,6423,1.0,513.3211894753231,513.3211894753231,518.0,0,0,328666.0,0.10042036431574031,Baseload
PICKERINGB-G6,NUCLEAR,4545,0.7076132648295189,358.78470556955955,507.0350195540772,518.0,0,0,303069.0,0.0954382687217811,Baseload
PICKERINGB-G5,NUCLEAR,5844,0.9098552078468005,459.9494313838907,505.51936991422485,530.0,0,0,324234.0,0.10042036431574031,Baseload
BRUCEA-G3,NUCLEAR,0,0.0,0.0,0.0,0.0,0,0,0.0,0.0,Baseload
BRUCEA-G4,NUCLEAR,0,0.0,0.0,0.0,0.0,0,0,0.0,0.0,Baseload
DARLINGTON-G4,NUCLEAR,0,0.0,0.0,0.0,0.0,0,0,0.0,0.0,Baseload
PICKERINGA-G1,NUCLEAR,0,0.0,0.0,0.0,0.0,0,0,0.0,0.0,Baseload
PICKERINGA-G4,NUCLEAR,0,0.0,0.0,0.0,0.0,0,0,0.0,0.0,Baseload
